INSERT INTO users (user_id, username, password, email, created_at) VALUES
(1, 'luca.bianchi',  '$2b$12$hwYTBHAmdmHiau85oD/I8Oq9yi92qiNhqB9bMhpD4Xurqjy8u2fJG', 'luca.bianchi@example.com',  '2025-04-01 09:00:00'),
(2, 'marco.verdi',   '$2b$12$3CqJaO3LhzbDW06X7RzqL.ozEuw7QbHUan3o52Ml62xI/dmrbBC.6', 'marco.verdi@example.com',   '2025-04-02 12:20:00'),
(3, 'sara.conti',    '$2b$12$JSd1AcEuoZEIFvpeNzpBjuaNUbBW/ny.t0NVlBV9Q3ESRXPn7GMqS', 'sara.conti@example.com',    '2025-04-01 10:00:00'),
(4, 'martina.rossi', '$2b$12$4JTkeC8uBWZGbZdA.9T1Ve1yXgzpANysBVtVh4hNS6wWysoZ2yHFa', 'martina.rossi@example.com', '2025-04-03 11:30:00'),
(5, 'giorgio.neri',  '$2b$12$5nxWyjR0tc1mQRyTJwx0suplTPN9g4/XcdUEC3sodroX2ttQmP38q', 'giorgio.neri@example.com',  '2025-04-01 18:00:00');


INSERT INTO users_profile (user_id,name,surname,gender,birthday,height,country,updated_at) VALUES
 (1,'Luca','Bianchi','Male','2001-05-22',180,'Italy','2025-04-01 09:00:00'),
 (2,'Marco','Verdi','Male','1991-09-10',178,'Italy','2025-04-02 12:20:00'),
 (3,'Sara','Conti','Female','2003-03-18',165,'Italy','2025-04-01 10:00:00'),
 (4,'Martina','Rossi','Female','1995-06-14',168,'Italy','2025-04-03 11:30:00'),
 (5,'Giorgio','Neri','Male','1970-08-25',175,'Italy','2025-04-01 18:00:00');

INSERT INTO weight (weight_id,user_id,weight,measured_at) VALUES
 (1, 1, 68.20, '2025-04-02 07:45:00'),
 (2, 2, 69.30, '2025-04-03 08:30:00'),
 (3, 4, 59.20, '2025-04-05 09:10:00'),
 (4, 5, 79.10, '2025-04-07 06:50:00'),
 (5, 3, 56.40, '2025-04-09 07:15:00'),
 (6, 1, 67.60, '2025-04-13 07:46:00'),
 (7, 4, 60.60, '2025-04-18 09:12:00'),
 (8, 2, 70.80, '2025-04-20 08:30:00'),
 (9, 5, 81.40, '2025-04-22 06:52:00'),
 (10, 1, 69.10, '2025-04-26 07:44:00'),
 (11, 3, 57.80, '2025-04-30 07:14:00'),
 (12, 4, 60.00, '2025-05-01 09:08:00'),
 (13, 2, 68.90, '2025-05-05 08:31:00'),
 (14, 5, 78.60, '2025-05-09 06:49:00'),
 (15, 1, 68.70, '2025-05-10 07:42:00'),
 (16, 4, 61.10, '2025-05-16 09:11:00'),
 (17, 3, 55.90, '2025-05-21 07:16:00'),
 (18, 2, 71.20, '2025-05-24 08:29:00'),
 (19, 5, 80.70, '2025-05-26 06:55:00'),
 (20, 1, 67.90, '2025-05-28 07:47:00'),
 (21, 4, 58.80, '2025-05-29 09:09:00');


INSERT INTO device (device_id,user_id,device_name,device_type_id,serial_number,registered_at) VALUES
 (1, 1, 'Phone', 4, 'PH-1-001', '2025-03-31 09:05:00'),
 (2, 1, 'Watch', 1, 'SW-1-001', '2025-03-31 09:10:00'),
 (3, 2, 'Phone', 4, 'PH-2-001', '2025-03-31 10:05:00'),
 (4, 2, 'Watch', 1, 'SW-2-001', '2025-03-31 10:10:00'),
 (5, 3, 'Phone', 4, 'PH-3-001', '2025-03-31 15:35:00'),
 (6, 3, 'Watch', 1, 'SW-3-001', '2025-03-31 15:50:00'),
 (7, 4, 'Phone', 4, 'PH-4-001', '2025-03-31 17:00:00'),
 (8, 4, 'Watch', 1, 'SW-4-001', '2025-03-31 17:04:00'),
 (9, 5, 'Phone', 4, 'PH-5-001', '2025-03-31 17:50:00'),
 (10, 5, 'Ring', 3, 'SR-5-001', '2025-03-31 17:55:00'),
 (11, 1, 'Band', 2, 'SB-1-001', '2025-04-15 09:00:00'),
 (12, 3, 'Ring', 3, 'SR-3-001', '2025-04-20 08:00:00');


INSERT INTO user_feature_preferences (user_id,feature_id,device_id,updated_at) VALUES
 (1, 1, 11, '2025-04-15 09:00:00'),
 (1, 2, 11, '2025-04-15 09:00:00'),
 (1, 3, 11, '2025-04-15 09:00:00'),
 (1, 4, 2, '2025-03-31 09:10:00'),
 (1, 5, 2, '2025-03-31 09:10:00'),
 (2, 1, 4, '2025-03-31 10:10:00'),
 (2, 2, 4, '2025-03-31 10:10:00'),
 (2, 3, 4, '2025-03-31 10:10:00'),
 (2, 4, 4, '2025-03-31 10:10:00'),
 (2, 5, 4, '2025-03-31 10:10:00'),
 (3, 1, 12, '2025-04-20 08:00:00'),
 (3, 2, 12, '2025-04-20 08:00:00'),
 (3, 3, 12, '2025-04-20 08:00:00'),
 (3, 4, 6, '2025-03-31 15:50:00'),
 (3, 5, 12, '2025-04-20 08:00:00'),
 (4, 1, 8, '2025-03-31 17:04:00'),
 (4, 2, 8, '2025-03-31 17:04:00'),
 (4, 3, 8, '2025-03-31 17:04:00'),
 (4, 4, 8, '2025-03-31 17:04:00'),
 (4, 5, 8, '2025-03-31 17:04:00'),
 (5, 1, 10, '2025-03-31 17:55:00'),
 (5, 2, 10, '2025-03-31 17:55:00'),
 (5, 3, 10, '2025-03-31 17:55:00'),
 (5, 4, 9, '2025-03-31 17:50:00'),
 (5, 5, 10, '2025-03-31 17:55:00');


INSERT INTO sensor_to_user (sensor_id,user_id,device_id,sensor_type_id,created_at) VALUES
 (1,1,1,3,'2025-03-31 09:05:00'),
 (2,1,1,5,'2025-03-31 09:05:00'),
 (3,1,2,1,'2025-03-31 09:10:00'),
 (4,1,2,2,'2025-03-31 09:10:00'),
 (5,1,2,3,'2025-03-31 09:10:00'),
 (6,1,2,4,'2025-03-31 09:10:00'),
 (7,1,2,5,'2025-03-31 09:10:00'),
 (8,1,2,6,'2025-03-31 09:10:00'),
 (9,1,2,7,'2025-03-31 09:10:00'),
 (10,2,3,3,'2025-03-31 10:05:00'),
 (11,2,3,5,'2025-03-31 10:05:00'),
 (12,2,4,1,'2025-03-31 10:10:00'),
 (13,2,4,2,'2025-03-31 10:10:00'),
 (14,2,4,3,'2025-03-31 10:10:00'),
 (15,2,4,4,'2025-03-31 10:10:00'),
 (16,2,4,5,'2025-03-31 10:10:00'),
 (17,2,4,6,'2025-03-31 10:10:00'),
 (18,2,4,7,'2025-03-31 10:10:00'),
 (19,3,5,3,'2025-03-31 15:35:00'),
 (20,3,5,5,'2025-03-31 15:35:00'),
 (21,3,6,1,'2025-03-31 15:50:00'),
 (22,3,6,2,'2025-03-31 15:50:00'),
 (23,3,6,3,'2025-03-31 15:50:00'),
 (24,3,6,4,'2025-03-31 15:50:00'),
 (25,3,6,5,'2025-03-31 15:50:00'),
 (26,3,6,6,'2025-03-31 15:50:00'),
 (27,3,6,7,'2025-03-31 15:50:00'),
 (28,4,7,3,'2025-03-31 17:00:00'),
 (29,4,7,5,'2025-03-31 17:00:00'),
 (30,4,8,1,'2025-03-31 17:04:00'),
 (31,4,8,2,'2025-03-31 17:04:00'),
 (32,4,8,3,'2025-03-31 17:04:00'),
 (33,4,8,4,'2025-03-31 17:04:00'),
 (34,4,8,5,'2025-03-31 17:04:00'),
 (35,4,8,6,'2025-03-31 17:04:00'),
 (36,4,8,7,'2025-03-31 17:04:00'),
 (37,5,9,3,'2025-03-31 17:50:00'),
 (38,5,9,5,'2025-03-31 17:50:00'),
 (39,5,10,1,'2025-03-31 17:55:00'),
 (40,5,10,2,'2025-03-31 17:55:00'),
 (41,1,11,1,'2025-04-15 09:00:00'),
 (42,1,11,3,'2025-04-15 09:00:00'),
 (43,1,11,4,'2025-04-15 09:00:00'),
 (44,3,12,1,'2025-04-20 08:00:00'),
 (45,3,12,2,'2025-04-20 08:00:00');

